{
    "agent_trajectories": [
        [
            {
                "state": [
                    -0.11145936400288671,
                    0.4920472598420073,
                    -1.507094105720461,
                    0.8241726838878185,
                    2.2937757065611093,
                    0.5832292352024566,
                    -2.614187758825716
                ],
                "t": 0.0
            },
            {
                "state": [
                    -0.06595860966863473,
                    1.4920472598420071,
                    -1.7804929397171074,
                    1.8241726838878185,
                    1.4630547459577672,
                    1.0400009265199264,
                    -3.2889436617555963
                ],
                "t": 1.0
            },
            {
                "state": [
                    -0.12579157993798823,
                    0.5213967458734525,
                    -1.4860132825338606,
                    0.8241726838878186,
                    0.4630547459577673,
                    0.36999753248436407,
                    -4.288943661755599
                ],
                "t": 2.0
            },
            {
                "state": [
                    -0.25793208346291424,
                    -0.46514534962986825,
                    -1.0769743320248133,
                    -0.17582731611218144,
                    -0.5369452540422328,
                    0.4755492387917028,
                    -5.288943661755599
                ],
                "t": 3.0
            }
        ]
    ],
    "optimal_cost": 12.081396127711642
}
