{
    "agent_trajectories": [
        [
            {
                "state": [
                    -0.12268528718160816,
                    0.4337362775667414,
                    -0.9410443495820827,
                    -0.4032068095957416,
                    0.7878950369319828,
                    0.5248095747902907,
                    -0.9656016690808861
                ],
                "t": 0.0
            },
            {
                "state": [
                    0.22864913551936303,
                    0.435461997785811,
                    -0.9456634403848003,
                    -0.3953374740568821,
                    0.7842201463386216,
                    0.523031338411015,
                    -0.9598069891533819
                ],
                "t": 1.0
            },
            {
                "state": [
                    0.32789486526808703,
                    0.27763472150577256,
                    -1.1902715465198193,
                    -0.4552757693809663,
                    0.5211168175169109,
                    0.4094993102706481,
                    -0.6266854737425686
                ],
                "t": 2.0
            },
            {
                "state": [
                    0.39408272502994,
                    0.07587482162932814,
                    -1.451594737371356,
                    -0.46512925816570627,
                    0.22214288724111458,
                    0.3518664867433377,
                    -0.206270035869977
                ],
                "t": 3.0
            }
        ]
    ],
    "optimal_cost": 0.7977709633424563
}
